タイトル,システム,URL
3000人きさらぎ駅,インセイン,https://booth.pm/ja/items/2898750
8月7日、15時45分と1時間の熱,インセイン,https://booth.pm/ja/items/2898750
Brave.Blood.Battle,クトゥルフ,https://booth.pm/ja/items/3434340
Conium,インセイン,https://booth.pm/ja/items/4988652
Dawn Waltz,インセイン,https://booth.pm/ja/items/6562856
Daybreak,クトゥルフ,https://booth.pm/ja/items/4583124
Dlma,クトゥルフ,https://booth.pm/ja/items/692496
Good morning ALL,クトゥルフ,https://kimeall.booth.pm/items/2976456
JOKER≒JOKER,クトゥルフ,https://booth.pm/ja/items/1833251
LOVE DEBUG,クトゥルフ,https://booth.pm/ja/items/6567058
Magi9 Arts 4U,クトゥルフ,https://stmtg.booth.pm/items/3384553
NapFrappe,クトゥルフ,https://booth.pm/ja/items/1758940
Spirale-シュピラーレ-,クトゥルフ,https://booth.pm/ja/items/4486547
spooky night investigation,インセイン,https://umeguriko.booth.pm/items/4273535
Title Lost,クトゥルフ,https://booth.pm/ja/items/4017115
TOP OF 俺ら -最強卍列伝-,インセイン,https://booth.pm/ja/items/3498997
World End Breakers,クトゥルフ,https://krm4.booth.pm/items/2626743
あトの祀リ,クトゥルフ,https://tukimeguri.booth.pm/items/5123058
あなたがわたしを呼ぶ声が聞こえる,クトゥルフ,https://booth.pm/ja/items/5673365
あなたの天使を×してみせて,インセイン,https://booth.pm/ja/items/3126423
あなたを呼ぶ声,インセイン,https://booth.pm/ja/items/3446834
アンチテェゼ・ポジション,クトゥルフ,https://booth.pm/ja/items/1702799
いま卓やりながら人殺してるんだけど,インセイン,https://talto.cc/projects/U7tVKfgoWO5TB20Poa1n8
ヴェルネの天使は死を歌う,クトゥルフ,https://booth.pm/ja/items/1036688
うちに帰ると知らない人が死んだふりをしている,インセイン,ブラックデイズ収録
サイレン清掃会社,クトゥルフ,https://tamagodx1414.booth.pm/items/3305563
サチュアラニカ,インセイン,https://talto.cc/projects/zmJMNW3YfsBXQWTD2f6Sr
サメインセイン,インセイン,ディオダディ荘収録
ざりざり,インセイン,ディオダディ荘収録
サルユメ,インセイン,ディオダディ荘収録
しえり,インセイン,ブラックデイズ収録
ジャンヌの猟犬,クトゥルフ,https://sashiking.booth.pm/items/2233975
シリウスの篝火,クトゥルフ,https://booth.pm/ja/items/5245955
ソロモンと七つの輪,クトゥルフ,https://denebola.booth.pm/items/6752459
チャイナ服でカジノするやつ,クトゥルフ,https://www.pixiv.net/novel/show.php?id=13067914
ネバーエンディング・スピーチ！,インセイン,ブラックデイズ収録
ハッピーエンドは君が殺した,クトゥルフ,https://booth.pm/ja/items/3001936
びーまいがーる・べいべー!!,インセイン,ブラックデイズ収録
ヒーローの作り方,クトゥルフ,https://cpdtrpg.booth.pm/items/5394650
ブルームーンのガラス玉,インセイン,https://booth.pm/ja/items/5439037
ラストノートはハッピーエンド,インセイン,https://booth.pm/ja/items/2087708
リバースリバースリバース,クトゥルフ,https://booth.pm/ja/items/4592163
リュベウス,インセイン,https://talto.cc/projects/Z62qeMIGzirA1qgcANGLQ
ルイユの信仰,インセイン,https://booth.pm/ja/items/2580189
阿頼耶識の彼方より,クトゥルフ,https://booth.pm/ja/items/3625156
悪霊祓共同戦線,インセイン,https://booth.pm/ja/items/2460290
圧縮梱包された人間の死体,インセイン,https://booth.pm/ja/items/1778278
仮題Ｘ,インセイン,https://booth.pm/ja/items/3385933
花とサイレン,クトゥルフ,https://denebola.booth.pm/items/6752459
廻異奇譚,インセイン,https://booth.pm/ja/items/4287614
快刀乱魔,クトゥルフ,https://shoprom.booth.pm/items/3065884
奇奇怪怪同好会,クトゥルフ,https://booth.pm/ja/items/2992085
汲汲如律令,クトゥルフ,https://kanatanoai.booth.pm/items/7164161
虚校の餞,クトゥルフ,https://booth.pm/ja/items/5222914
恐怖の課金ガチャ,インセイン,ブラックデイズ収録
九龍熱,インセイン,ディオダディ荘収録
偶像は四季に祈る,クトゥルフ,https://booth.pm/ja/items/3679555
胡桃炸裂症候群 -Drosselmeyer Syndrome-,クトゥルフ,https://booth.pm/ja/items/3827548
彩亡き花のテラリウム,クトゥルフ,https://booth.pm/ja/items/4015180
災異神 夙夜典界,クトゥルフ,https://booth.pm/ja/items/3073250
死神はお前の顔で笑った,クトゥルフ,https://pomeda.booth.pm/items/7169413
獣鳴街噪 -Call of the beast-,クトゥルフ,https://booth.pm/ja/items/3138357
純潔と鉄血,クトゥルフ,https://booth.pm/ja/items/4581510
沼男は誰だ？,クトゥルフ,https://booth.pm/ja/items/2600098
神様にサイコロは届かない,クトゥルフ,https://romitrpg.booth.pm/items/7167316
身裂館殺人事件,クトゥルフ,https://booth.pm/ja/items/1753801
凄腕の殺し屋さん,インセイン,https://booth.pm/ja/items/4016763
星の神話、エンドロール,クトゥルフ,https://booth.pm/ja/items/647539
正偽のイデア,クトゥルフ,https://booth.pm/ja/items/3325632
町葬屋怪異譚,クトゥルフ,https://booth.pm/ja/items/4131050
天使たちの黙示録,クトゥルフ,https://booth.pm/ja/items/3228058
天使の魔眼は死を殺す,クトゥルフ,https://ichinomiyashiki.booth.pm/items/6541349
天使工場,クトゥルフ,https://booth.pm/ja/items/4821718
天上落土、堕楽のすゝめ,クトゥルフ,https://stmtg.booth.pm/items/4076470
登校班と変態おじさん,インセイン,https://booth.pm/ja/items/982251
桃幻郷にて錆を呑め,クトゥルフ,https://booth.pm/ja/items/3113937
魔法少女の×し方,クトゥルフ,https://booth.pm/ja/items/2912919
魔法少女希望譚,クトゥルフ,https://booth.pm/ja/items/2267477
未明に眠るブルー,インセイン,https://booth.pm/ja/items/3467696
勿忘草を探して,インセイン,https://docs.google.com/document/d/1iFddXg_fwBLZN4RE92tcoXgNTWsCPluxLq-DEGZdz8Q/edit?tab=t.0#heading=h.mbjsiz6n6jlo
幽霊堂と怪異録,クトゥルフ,https://obakeusagi.booth.pm/items/5387809
有求必應,クトゥルフ,https://booth.pm/ja/items/1649345
隣のお姉さんが殺人鬼かもしれないんだが,インセイン,https://booth.pm/ja/items/609297
咆哮エトランゼ,クトゥルフ,https://booth.pm/ja/items/1914129
爛爛,クトゥルフ,https://booth.pm/ja/items/3086808
黎明、遥か彼方まで,クトゥルフ,https://booth.pm/ja/items/5050857
㐂異界,クトゥルフ,https://stmtg.booth.pm/items/7108908
㐂梗公立高等学校七不思議譚,クトゥルフ,https://booth.pm/ja/items/6773356
