タイトル,システム,PL通過,回し経験,部屋,PC人数,要素,ふりがな
R.I.P±3,クトゥルフ,No,No,No,2PL+KPC,"PvP可能性あり, R18, 秘匿HOあり, 要地雷確認",りっぷ・りっぷ・りっぷ
モーンガータの魔法使い,クトゥルフ,No,No,No,2PL,"CP, PvP可能性あり, 秘匿HOあり",もーんがーたのまほうつかい
午後6時のペルセポネ,インセイン,No,Yes,Yes,1PL,"WSオリジナル, 特殊型",ごごろくざいのぺるせぽね
午前0時のデメテル,インセイン,No,Yes,Yes,1PL,"WSオリジナル, 特殊型",ごぜんれいじのでめてる
千年時計と時計守り,インセイン,No,Yes,Yes,1PL,"WSオリジナル, 特殊型",せんねんとけいととけいまもり
侵蝕の森へ,インセイン,No,No,No,1PL,"WSオリジナル, 特殊型",しんしょくのもりへ
鏡界線のミラ,インセイン,No,No,No,"1PL, 2PL","WSオリジナル, 特殊型",きょうかいせんのみら
イストリアリス,インセイン,No,No,No,1PL,"WSオリジナル, 特殊型",いすとりありす
卯月の花筏,クトゥルフ,No,No,No,2PL,"RP中心, クローズド, 秘匿HOあり",うづきのはないかだ
花束と魔女,クトゥルフ,No,No,No,2PL,"CP, クローズド, 秘匿HOあり, 要地雷確認",はなたばとまじょ
吾や、忘れじ久米の唄,クトゥルフ,No,No,No,2PL+KPC,"CP, PvP可能性あり, R18G, RP中心, 比叡山炎上, 秘匿HOあり",われや、わすれじくめのうた。
水天一碧を朝凪でのぞむ。,クトゥルフ,Yes,Yes,Yes,2PL,"RP中心, クローズド, 秘匿HOあり",すいてんいっぺきをあさなぎでのぞむ
迷い猫に缶切りひとつ,クトゥルフ,No,Yes,Yes,1PL+KPC,"RP中心, シティ",まよいねこにかんきりひとつ
やたら爆弾を見つけるKPC,クトゥルフ,No,Yes,Yes,1PL+KPC,"RP中心, ドタバタ",やたらばくだんをみつけるけーぴーしー
"My dear,“H”",クトゥルフ,No,Yes,Yes,1PL+KPC,"RP中心, クローズド",まいであえいち
Room-0-,インセイン,Yes,Yes,Yes,2PL,"WSオリジナル, 特殊型",るーむぜろ
SHOTGUN KIXXING MARRIAGE,クトゥルフ,Yes,Yes,Yes,"1PL+KPC, 2PL","RP中心, シティ",しょっとがんきりんぐまりっじ
烏有館事件,インセイン,No,Yes,Yes,1PL,特殊型,うゆうかんじけん
雨と君は、無垢。,クトゥルフ,Yes,Yes,Yes,1PL+KPC,"RP中心, 要地雷確認",あめときみは、むく。
はじめての女装,インセイン,No,Yes,Yes,1PL,"WS本当は怖い現代日本, 特殊型",はじめてのじょそう
闇夜の血をそそぐ,クトゥルフ,No,Yes,Yes,1PL+KPC,RP中心,あんやのちをそそぐ
天使の七日,クトゥルフ,No,Yes,Yes,1PL+KPC,RP中心,てんしのしちか
嗚呼、素晴らしき偶像！,クトゥルフ,No,Yes,Yes,1PL+KPC,"RP中心, ドタバタ",ああ、すばらしきぐうぞう！
不安降神,インセイン,No,Yes,Yes,4PL,"WS本当は怖い現代日本, 特殊型",ふあんふるしん
ムラサキカガミ,インセイン,No,Yes,Yes,3PL,"WS本当は怖い現代日本, 特殊型",むらさきかがみ
KPCが猫拾ったって言ってるけどどう見ても猫じゃない件,クトゥルフ,No,Yes,Yes,1PL+KPC,"RP中心, クローズド, ドタバタ",けーぴーしーがねこひろったっていってるけどどうみてもねこじゃないけん
黄身と蜂蜜,クトゥルフ,No,Yes,Yes,1PL+KPC,RP中心,きみとはちみつ
ハロウィンナイト・キャンディーハント,クトゥルフ,No,Yes,No,"3PL, 4PL","クローズド, 秘匿HOあり",はろうぃんないと・きゃんでぃーはんと
すずめの宿,クトゥルフ,No,Yes,No,"3PL+KPC, 4PL",シティ,すずめのやど
君の手料理は名状しがたき何か。,クトゥルフ,Yes,Yes,No,自由,"クローズド, ドタバタ",きみのてりょうりはめいじょうしがたきなにか。
犯罪者が花金できると思ったか！？,クトゥルフ,No,Yes,Yes,"1PL, 1PL+KPC, 2PL","シティ, ドタバタ",はんざいしゃがはなきんできるとおもったか！？
Princess Hugging Race!!!,クトゥルフ,No,Yes,Yes,"1PL+KPC, 2PL","クローズド, ドタバタ",ぷりんせすはぎんぐれーす！！！
夜半の口寄せ,クトゥルフ,No,Yes,Yes,1PL+KPC,"RP中心, シティ",やはんのくちよせ
ドロップアンドヴァンパイア,クトゥルフ,No,Yes,Yes,"1PL+KPC, 2PL","クローズド, シティ",どろっぷあんどヴぁんぱいあ
水光接天、海月にて君を待つ。,クトゥルフ,Yes,No,No,"1PL+KPC, 2PL",RP中心,すいこうせってん、くらげにてきみをまつ。
星にはなれない,クトゥルフ,No,No,No,2PL,"シティ, 秘匿HOあり",ほしにはなれない
転死と天楽詞,クトゥルフ,No,No,No,"1PL+KPC, 2PL","R15, クローズド, 要地雷確認",てんしとてんらくし
○○はそんなこと言わない！？,クトゥルフ,No,No,No,1PL+KPC,"RP中心, ドタバタ",まるまるはそんなこといわない！？
エンジェル・フォール・トゥーミー,クトゥルフ,No,No,No,1PL+KPC,RP中心,えんじぇる・ふぉーる・とぅーみー
カルミアの槌,クトゥルフ,No,No,No,1PL+KPC,RP中心,かるみあのつち
譫言の如き,クトゥルフ,No,No,No,1PL+KPC,RP中心,うわごとのごとき
みかくにん きみ,クトゥルフ,No,No,No,1PL+KPC,クローズド,みかくにんきみ
ラブレターフロムロラン,クトゥルフ,Yes,No,No,1PL+KPC,RP中心,らぶれたーふろむろらん
悪役令嬢奮闘記〜気がついたら令嬢だし、あの人は婚約者だし、知らない女とイチャついてるし！〜,クトゥルフ,No,No,No,1PL+KPC,"RP中心, ドタバタ",あくやくれいじょうふんとうき
迦陵頻伽に眠る,クトゥルフ,No,No,No,1PL+KPC,"RP中心, シティ, 要地雷確認",かりょうびんがにねむる
気まぐれパラディ、或いはアンフェール,クトゥルフ,No,No,No,1PL+KPC,"RP中心, クローズド",きまぐれぱらでぃ、あるいはあんふぇーる
桐と枸櫞,クトゥルフ,Yes,No,No,1PL+KPC,要地雷確認,きりとくえん
誤日談,クトゥルフ,Yes,Yes,Yes,1PL+KPC,"R15, クローズド",ごじつだん
死曰く、ここで終わり、筆を置く、,クトゥルフ,No,No,No,1PL+KPC,"RP中心, クローズド, シティ",しいわく、ここでおわり、ふでをおく、
神のち晴れ！,クトゥルフ,No,No,No,1PL+KPC,ドタバタ,かみのちはれ！
泥棒に花束を,クトゥルフ,No,No,No,1PL+KPC,"RP中心, 要地雷確認",どろぼうにはなたばを
天使猟,クトゥルフ,No,No,No,1PL+KPC,"RP中心, シティ",てんしりょう
惡情華人街,クトゥルフ,Yes,No,No,"1PL+KPC, 2PL",R15,あくじょうかじんがい
副題:世界の終焉を覆す奇跡的魔術XXX-Ⅱ,クトゥルフ,No,No,No,"1PL+KPC, 2PL","RP中心, 秘匿HOあり, 要地雷確認",ふくだいせかいのしゅうえんをくつがえすきせきてきまじゅつ
メイフラワーの咲く森で,クトゥルフ,No,No,No,1PL+KPC,"RP中心, クローズド",めいふらわーのさくもりで
Alone together,インセイン,No,Yes,No,2PL,"WS本当は怖い現代日本, 特殊型",あなざーとぅぎゃざー
La passione,インセイン,No,No,No,3PL,"WSオリジナル, 特殊型",らぱっしおーね
グロリオーサ,インセイン,No,No,No,4PL,"WS本当は怖い現代日本, 協力型",ぐろりおーさ
縹渺たる瑠璃色,クトゥルフ,No,No,No,3PL,"クローズド, 秘匿HOあり",ひょうびょうたるるりいろ
0デシベルの群青少女,クトゥルフ,No,No,No,4PL,RP中心,ぜろでしべるのぐんじょうしょうじょ
お菓子の家,インセイン,No,No,No,4PL,"WSオリジナル, 特殊型",おかしのいえ
暗闇からの脱出,インセイン,No,No,No,2PL,"WS暗黒のヴィクトリア, 特殊型",くらやみからのだっしゅつ
ハイド・アンド・シーク,インセイン,No,No,No,"2PL, 3PL, 4PL, 5PL","WS任意, 特殊型",はいどあんどしーく
HomeSweetHome,インセイン,No,No,No,3PL,"WS本当は怖い現代日本, 特殊型",ほーむすいーとほーむ
この、クズ！,インセイン,No,No,No,4PL,"WS本当は怖い現代日本, 対立型",この、くず！
令嬢と魔女とゾンビ,インセイン,No,Yes,No,3PL,"WS暗黒のヴィクトリア, 協力型",れいじょうとまじょとぞんび
ぼくらのお菓子の家はどこ？-Where is our sweet house?-,インセイン,No,No,No,4PL,"WSオリジナル, 協力型",ぼくらのおかしのいえはどこ？
狂騒の熱帯夜,クトゥルフ,No,No,No,"2PL, 3PL, 4PL",クローズド,きょうそうのねったいや
99度目の春は来ない,クトゥルフ,No,No,No,"3PL, 4PL, 5PL",,きゅうじゅうきゅうどめのはるはこない
サイシュ―＊―列車,クトゥルフ,No,No,No,"2PL, 3PL, 4PL",クローズド,さいしゅーれっしゃ
古ヨリ来タル,クトゥルフ,No,No,No,"3PL, 4PL",シティ,いにしえよりきたる
今日も花は美しい,クトゥルフ,No,No,No,"2PL, 3PL, 4PL",シティ,きょうもはなはうつくしい
ヒーロー,クトゥルフ,No,No,No,"3PL, 4PL",,ひーろー
地の底で眠れ,クトゥルフ,No,No,No,"1PL, 2PL, 3PL",,ちのそこでねむれ
ミュージアムの夜,クトゥルフ,No,No,No,"1PL, 2PL, 3PL, 4PL, 5PL",クローズド,みゅーじあむのよる
吸血鬼の住まう城,クトゥルフ,No,No,No,3PL,秘匿HOあり,きゅうけつきのすまうしろ
蠢く白,クトゥルフ,No,No,No,"2PL, 3PL, 4PL",シティ,うごめくしろ
キミガノゾンダモノ,クトゥルフ,No,No,No,"3PL, 4PL, 5PL",シティ,きみがのぞんだもの
コーレス・コーラス！,クトゥルフ,No,No,No,"3PL, 4PL",シティ,こーれす・こーらす！
不可逆性のオブリガート,クトゥルフ,Yes,No,No,2PL,"クローズド, 秘匿HOあり",ふかぎゃくせいのおぶりがーと
Oh My UNIVERSE！,クトゥルフ,No,No,No,2PL,"シティ, 秘匿HOあり",おうまいゆにばーす！
