タイトル,システム,ふりがな
庭師は何を口遊む,クトゥルフ,にわしはなにをくちずさむ
嗤う人間師,クトゥルフ,わらうにんげんし
不可逆性のオブリガート,クトゥルフ,ふかぎゃくせいのおぶりがーと
世界印度化計画,フタリソウサ,せかいいんどかけいかく
君の手料理は名状しがたき何か。,クトゥルフ,きみのてりょうりはめいじょうしがたきなにか
大正浪漫Ｘ２Ｕ -怪盗×探偵-,クトゥルフ,たいしょうろまんくろすとぅーゆーかいとうたんてい
同居人,クトゥルフ,どうきょにん
悪業に染まる月,インセイン,あくごうにそまるつき
大正浪漫Ｘ２Ｕ -令嬢×使用人-,クトゥルフ,たいしょうろまんくろすとぅーゆーれいじょうしようにん
大正浪漫Ｘ２Ｕ -大正文豪×現代探索者-,クトゥルフ,たいしょうろまんくろすとぅーゆーたいしょうふごうげんだいたんさくしゃ
りんごはあまい,クトゥルフ,りんごはあまい
腕に刻まれる死,クトゥルフ,うでにきざまれるし
ティンダロスのイッヌ,クトゥルフ,てぃんだろすのいっぬ
オバケ風邪流行中！,ピーカーブー,おばけかぜりゅうこうちゅう！
またあうひまで,ピーカーブー,またあうひまで
リング・リング・リング,ピーカーブー,りんぐ・りんぐ・りんぐ
あわてんぼうのサンタクロース,ピーカーブー,あわてんぼうのさんたくろーす
銀河鉄道の夜,ピーカーブー,ぎんがてつどうのよる
エピソード0,ロストロイヤル,えぴそーどぜろ
これが俺達の生き様,ビギニングアイドル,これがおれたちのいきざま
走るパンジャンドラム,フタリソウサ,はしるぱんじゃんどらむ
積層都市アーセルトレイに響くノエル,ステラナイツ,せきそうとしあーせるとれいにひびくのえる
海も枯れるまで,クトゥルフ,うみもかれるまで
脱獄は乙女の嗜み,クトゥルフ,だつごくはおとめのたしなみ
坂道で咲く,クトゥルフ,さかみちでさく
ストレンジ・ハイスクール,クトゥルフ,すとれんじはいすくーる
縁罪連鎖-エンザイレンサ-,クトゥルフ,えんざいれんさ
親愛なる101,クトゥルフ,しんあいなる101
さよならを言いにきた,インセイン,さよならをいいにきた
NOBODY*2,クトゥルフ,のーばでぃのーばでぃ
誤日談,クトゥルフ,ごじつだん
風呂が冷えているんだが？,クトゥルフ,ふろがひえているんだが？
蛾と踊る,クトゥルフ,がとおどる
HO1が誘拐されたので助けに行こうと思います！,クトゥルフ,はんどあうといちがゆうかいされたのでたすけにいこうとおもいます！
夢底に待ちぼうけ,クトゥルフ,ゆめそこにまちぼうけ
探偵王の殺人計画,クトゥルフ,たんていおうのさつじんけいかく
もういる,クトゥルフ,もういる
廃聖堂の魔女,インセイン,はいせいどうのまじょ
狂宴の食卓,インセイン,きょうえんのしょくたく
ねこ、にゃんだらけ,インセイン,ねこ、にゃんだらけ
101匹にゃんちゃん,インセイン,ひゃくいっぴきにゃんちゃん
丑三つ時、五寸釘一本勝負,インセイン,うしみつどき、ごすんくぎいっぽんしょうぶ
仮面ライダー（仮）,インセイン,かめんらいだーかっこかり
蛍子のために,インセイン,けいこのために
Life goes on ～人生は続く～,クトゥルフ,らいふごーずおんじんせいはつづく
蛍子のために if,インセイン,けいこのためにいふ
天使のつぶやきSNS,インセイン,てんしのつぶやきえすえぬえす
とある幸せな家族のエロ本を巡る話,インセイン,とあるしあわせなかぞくのえろほんをめぐるはなし
とある幸せな家族の話,クトゥルフ,とあるしあわせなかぞくのはなし
KP「ルルブ無いけど動画見たから大丈夫」,インセイン,きーぱーるるぶないけどどうがみたからだいじょうぶ
かごめかごめ,クトゥルフ,かごめかごめ
きさらぎ駅,インセイン,きさらぎえき
ちくたくちくたく,インセイン,ちくたくちくたく
マスター、一杯頼むよ,クトゥルフ,ますたーいっぱいたのむよ
お気に召すまま,クトゥルフ,おきにめすまま
海に堕ちてくひとつ星,クトゥルフ,うみにおちていくひとつぼし
後追い夢,クトゥルフ,あとおいゆめ
君との関係を例えるなら,インセイン,きみとのかんけいをたとえるなら
今際の国,クトゥルフ,いまわのくに
少女吸血鬼,インセイン,しょうじょきゅうけつき
羅生門,クトゥルフ,らしょうもん
レイクキーパー,クトゥルフ,れいくきーぱー
廃病院,インセイン,はいびょういん
その随に君を呼ぶ,クトゥルフ,そのずいにきみをよぶ
咎送りの徒花,クトゥルフ,とがおくりのとか
掌で救えるモノ,インセイン,てのひらですくえるもの
満,クトゥルフ,みちる
脳みそとおりみち,クトゥルフ,のうみそとおりみち
死にたがり電車,クトゥルフ,しにたがりでんしゃ
Room-0-,インセイン,るーむぜろ
cube,インセイン,きゅーぶ
裏切り者のワルツ,クトゥルフ,うらぎりもののわるつ
ワンルーム・ディスコン,クトゥルフ,わんるーむでぃすこん
火点し頃の蜘蛛踊り,クトゥルフ,ひともしころのくもおどり
Ｘ２Ｕ -神父×マフィア-,クトゥルフ,くろすとぅーゆーしんぷまふぃあ
Ｘ２Ｕ -アイドル×マネージャー-,クトゥルフ,くろすとぅーゆーあいどるまねーじゃー
Ｘ２Ｕ -オネエ×甥or姪-,クトゥルフ,くろすとぅーゆーおねえおいめい
狂気山脈 ～邪神の山嶺～,クトゥルフ,きょうきさんみゃくじゃしんのさんれい
人の心は妖面の如し,クトゥルフ,ひとのこころはようめんのごとし
魔術師たちのトロイメライ,クトゥルフ,まじゅつしたちのとろいめらい
カタシロ,クトゥルフ,かたしろ
魔術師たちのスクールフェスティバル,クトゥルフ,まじゅつしたちのすくーるふぇすてぃばる
頭夢児島殺人事件,クトゥルフ,とむじしまさつじんじけん
Dual Bullet,クトゥルフ,でゅあるぶれっと
ザップショットカンタービレ！,クトゥルフ,ざっぷしょっとかんたーびれ！
カノヨ街,クトゥルフ,かのよがい
化け猫騒動絡繰り屋敷,クトゥルフ,ばけねこそうどうからくりやしき
追鯨,クトゥルフ,おえのいさなみ
一年の生は元旦にあり,クトゥルフ,いちねんのせいはがんたんにあり
今俺の足蹴ったヤツ誰！？,クトゥルフ,いまおれのあしけったやつだれ！？
怪盗ロマネスク,クトゥルフ,かいとうろまねすく
SHOTGUN KIXXING MARRIAGE,クトゥルフ,しょっとがんきりんぐまりっじ
しこたま媚薬を盛られたKPCが探索者に助けを求める話。,クトゥルフ,しこたまびやくをもられたけーぴーしーがたんさくしゃにたすけをもとめるはなし。
一場の春夢,クトゥルフ,いちじょうのしゅんむ
君に愛と葬送の花束を,クトゥルフ,きみにあいとそうそうのはなたばを
片鱗,クトゥルフ,へんりん
「そ」の果肉を味わって,クトゥルフ,そのかにくをあじわって
マフィア珍道中,クトゥルフ,まふぃあちんどうちゅう
オレンジの片割れ,クトゥルフ,おれんじのかたわれ
誰がロックを殺すのか,クトゥルフ,だれがろっくをころすのか
スターズ・ロッキン・ミー！,クトゥルフ,すたーず・ろっきん・みー！
ハッピーサマーバケーション,クトゥルフ,はっぴーさまーばけーしょん
ヴィラ・アネッロ,インセイン,ヴぃらあねっろ
忘霊,インセイン,ぼうれい
風聴病,インセイン,ふうちょうびょう
楽園,インセイン,らくえん
交×錯×点,マギカロギア,こうさてん
不辜のサァカス ナイフノモツレ,クトゥルフ,ふこのさぁかすないふのもつれ
ネコ忍者の襲撃！,クトゥルフ,ねこにんじゃのしゅうげき！
妖面閃貌,クトゥルフ,ようめんせんぼう
AND/HAND,クトゥルフ,あんどはんど
ヒトノマツリ,クトゥルフ,ひとのまつり
ようこそ！迷冥市役所都市伝説課へ！,クトゥルフ,ようこそ！めいめいしやくしょとしでんせつかへ！
ホルマリン漬けの心臓,クトゥルフ,ほるまりんづけのしんぞう
紫陽花の花は何故青い,クトゥルフ,あじさいのはなはなぜあおい
灼熱さえあればいい,クトゥルフ,しゃくねつさえあれば
傀逅,クトゥルフ,かいこう
誰もいなくならない誘拐事件,クトゥルフ,だれもいなくならないゆうかいじけん
騒々,クトゥルフ,さいさい
アパート,クトゥルフ,あぱーと
ハイド/ロイド,クトゥルフ,はいどろいど
え!?お前バニークラブで働いてたってマジ!?,クトゥルフ,え！？おまえばにーくらぶではたらいてたってまじ！？
月夜に蠢くルーガルー,クトゥルフ,つきよにとどろくるーがるー
かいぶつたちとマホラカルト,クトゥルフ,かいぶつたちとまほらかると
無辜なきかいぶつたちのカオス,クトゥルフ,むこなきかいぶつたちのかおす
Click-C*,クトゥルフ,くりっくしー
惡情華人街,クトゥルフ,あくじょうかじんがい
檻幻,クトゥルフ,かんげん
獣のディーヴァ,クトゥルフ,けもののでぃーヴぁ
MAIDS AND WEAPONS,クトゥルフ,めいどあんどうぇぽんず
強襲のアングラオークション,クトゥルフ,きょうしゅうのあんぐらおーくしょん
ソープスクール,クトゥルフ,そーぷすくーる
教師である俺たちが教科書の角で敵を殴れば世界を救えるって正気ですか？,クトゥルフ,きょうしであるおれたちがきょうかしょのかどでてきをなぐればせかいをすくえるってしょうきですか？
雨と君は、無垢。,クトゥルフ,あめときみは、むく。
若鷲の双眸,クトゥルフ,あくぃらのそうぼう
輝常,クトゥルフ,きつね
彼方からの君に捧ぐ,クトゥルフ,かなたからのきみにささぐ
ドロップアウトディスパイア,クトゥルフ,どろっぷあうとでぃすぱいあ
こゝろ,クトゥルフ,こころ
ルベライトジャム,クトゥルフ,るべらいとじゃむ
火曜日の友人,インセイン,かようびのゆうじん
紡命論とシンギュラリティー,クトゥルフ,ぼうめいろんとしんぎゅらりてぃー
ロールシャッハシンドローム,エモクロア,ろーるしゃっはしんどろーむ
CIQ〜KPC in the サボテン〜,クトゥルフ,しーあいきゅー～けーぴーしーいんざさぼてん～
たこパしよ,クトゥルフ,たこぱしよ
空蝉の如く,クトゥルフ,うつせみのごとく
虜,クトゥルフ,とりこ
31LOCKERs,クトゥルフ,さんじゅういちろっかーず
ひとくい,インセイン,ひとくい
贖罪,インセイン,しょくざい
ひとつくり,インセイン,ひとつくり
ひところし,インセイン,ひところし
"ʜᴀ,ʟᴀʟ/ʀᴀᴍ",クトゥルフ,はらるらむ
ラプラスのクォーター達,クトゥルフ,らぷらすのくぉーたーたち
The Hog Game,クトゥルフ,ざほぐげーむ
シキラレ■■,クトゥルフ,しきられふたへや
ロッテンブルー・N,クトゥルフ,ろってんぶるー・えぬ
ラプラスのテレコ達,クトゥルフ,らぷらすのてれこたち
こちら地獄閻魔堂前駐在所,クトゥルフ,こちらじごくえんまどうまえちゅうざいしょ
蹂躙するは我が手にて,クトゥルフ,じゅうりんするはわがてにて
Rℯ∤Aby,クトゥルフ,りあび
探索者、回転寿司に行く。,クトゥルフ,たんさくしゃ、かいてんずしにいく。
高級寿司～回らないタイプ～殺魚事件,クトゥルフ,こうきゅうすし～まわらないたいぷ～さつぎょじけん
Sibyl-シビュラ-,クトゥルフ,しびゅら
シャコ食べにきたらミ=ゴがいた,クトゥルフ,しゃこたべにきたらみ=ごがいた
貴様らのエデンはここです,クトゥルフ,きさまらのえでんはここです
キルキルイキル,クトゥルフ,きるきるいきる
天使墜落刑,クトゥルフ,てんしついらくけい
"My sweet,Dirty!",クトゥルフ,まいすいーとだーてぃー
Call the Name of Your Fate,クトゥルフ,こーるざねーむおぶゆあふぇいと
ルックアフターはあたたかで,クトゥルフ,るっくあふたーはあたたかで
思い立って5分で回せるデートシナリオ第10弾！水族館編,クトゥルフ,おもいたって5ふんでまわせるでーとしなりおだい10だんすいぞくかんへん
アナザレイン,インセイン,あなざれいん
Zodiac school,クトゥルフ,ぞでぃあっくすくーる
村ホラーRTA,クトゥルフ,むらほらーあーるてぃーえー
HO3を背負い投げしないと出られない部屋,クトゥルフ,はんどあうとさんをせおいなげしないとでられないへや
愛罠蜂,クトゥルフ,あいわなび
ひときれの無垢,クトゥルフ,ひときれのむく
黄身と蜂蜜,クトゥルフ,きみとはちみつ
水天一碧を朝凪でのぞむ。,クトゥルフ,すいてんいっぺきをあさなぎでのぞむ
百輝夜行,クトゥルフ,ひゃっきやこう
水光接天、海月にて君を待つ。,クトゥルフ,すいこうせってん、かいげつにてきみをまつ
君のために星をかせぐ,クトゥルフ,きみのためにほしをかせぐ
エターナルトゥゲザー,クトゥルフ,えたーなるとぅげざー
闇夜の血をそそぐ,クトゥルフ,やみよのちをそそぐ
夜半の口寄せ,クトゥルフ,よはんのくちよせ
HO1とHO2が箱に詰められるだけ,クトゥルフ,はんどあうといちとはんどあうとにがはこにつめられるだけ
君の胴,クトゥルフ,きみのどう
超高層天照事件,クトゥルフ,ちょうこうそうあまてらすじけん
路地裏月読事件,クトゥルフ,ろじうらつくよみじけん
KPCが知らないおばさんと健康飲料売りにきた,クトゥルフ,けーぴーしーがしらないおばさんとけんこういんりょううりにきた
探偵方程式,クトゥルフ,たんていほうていしき
桐と枸櫞,クトゥルフ,きりとくえん
君のためのヒポクリシー,クトゥルフ,きみのためのひぽくりしー
4ARE,クトゥルフ,ふぉーあー
まつり、まつられ,クトゥルフ,まつり、まつられ
a piece of scape,クトゥルフ,あぴーすおぶすくいぷ
El Colgado Avatara-,クトゥルフ,えるこるがどあヴぁたーら
刹夏,クトゥルフ,せつな
Folieo,クトゥルフ,ふぉりお
愛飢ゑヲワル,クトゥルフ,あいうえをわる
墓穴に納まる,クトゥルフ,はかあなにおさまる
四季送り,クトゥルフ,しきおくり
リバースリバースリバース,クトゥルフ,りばーすりばーすりばーす
ROSETTA2023,クトゥルフ,ろぜったにーぜろにーさん
鳥が群れては、極彩色,クトゥルフ,とりがむれてはごくさいしき
レッツ！ロシアンオムライス,クトゥルフ,れっつろしあんおむらいす
京都木屋町おばんざい殺人事件 ぶぶづけは死の香り…,フタリソウサ,きょうときやまちおばんざいさつじんじけん
九仙過災,クトゥルフ,じゅーしぇんこーづぁい
初詣するまで帰れないってマジ！？～福袋で大混乱編～,クトゥルフ,はつもうでするまでかえれないってまじ！？
鉄の揺り篭,クトゥルフ,てつのゆりかご
先生,クトゥルフ,せんせい
こちら、火星行きのバスとなりまぁす！,クトゥルフ,こちらかせいいきのばすとなりまぁす！
バナナがぶらさがってる部屋,クトゥルフ,ばなながぶらさがってるへや
斬火血刀,クトゥルフ,ざんかけっとう
湾骨海岸,クトゥルフ,わんこつかいがん
やたら爆弾を見つけるKPC,クトゥルフ,やたらばくだんをみつけるきーぴーしー
撮るな,インセイン,とるな
白々明けに 我が牙と舞え,クトゥルフ,しらじらあけにわがきばとまえ
墨黒々に 我が牙と舞え,クトゥルフ,すみくろぐろにわがきばとまえ
"My dear,“H”",クトゥルフ,まいであえいち
おばけのまち,クトゥルフ,おばけのまち
ケミカルゴーストパレード,クトゥルフ,けみかるごーすとぱれーど
7匹のもちもち神話,クトゥルフ,ななひきのもちもちしんわ
異能警察は、英雄じゃない,クトゥルフ,いのうけいさつはひーろーじゃない
神のち晴れ！,クトゥルフ,かみのちはれ！
Myrtle,クトゥルフ,まーとる
地獄の沙汰をも飲み込んで,クトゥルフ,じごくのさたをものみこんで
ピリオド・アズール,クトゥルフ,ぴりおどあずーる
ラプラスの遺言,クトゥルフ,らぷらすのゆいごん
ロトカ・ヴォルテラの愛堕討ち,クトゥルフ,ろとかヴぉるてらのあだうち
悪辣,クトゥルフ,あくらつ
ラブレターフロムロラン,クトゥルフ,らぶれたーふろむろらん
マグナム扇風機100号,クトゥルフ,まぐなむせんぷうきひゃくごう
灰になってよかった,クトゥルフ,はいになってよかった
MAGNIFICAS,クトゥルフ,まぐにふぃか
星々を紡ぐノルニル,クトゥルフ,ほしぼしをつむぐのるにる
あやかし万屋怪異譚,クトゥルフ,あやかしよろずやかいいたん
珍品堂奇禍録,クトゥルフ,ちんぴんどうきかろく
七日目のザナドゥ,クトゥルフ,ななにちめのざなどぅ
異説・狂人日記,クトゥルフ,いせつきょうじんにっき
迷い猫に缶切りひとつ,クトゥルフ,まよいねこにかんきりひとつ
商・不幸堂,クトゥルフ,あきないふこうどう
ニジュウゴ,クトゥルフ,にじゅうご
FRaTRlCiDE,クトゥルフ,ふらとりさいど
メルティーシュガーハロウィーン,クトゥルフ,めるてぃーしゅがーはろうぃーん
そうだ、キャンプへいこう！,クトゥルフ,そうだきゃんぷへいこう
鰯と柊,クトゥルフ,いわしとひいらぎ
カプラの灯明,クトゥルフ,かぷらのとうみょう
A-R-S,クトゥルフ,あるす
月を虧く,クトゥルフ,つきをかく
辜月のN,クトゥルフ,こげつのえぬ
十二星座館殺人事件,クトゥルフ,じゅうにせいざさつじんじけん
六色の殺人,クトゥルフ,ろくしょくのさつじん
六色の人魚,クトゥルフ,ろくしょくのにんぎょ
代理殺人は覚めないうちに,クトゥルフ,だいりさつじんはさめないうちに
花冷えに亡く季節,クトゥルフ,はなひえになくきせつ
デウス・エクス・マキナは死んだ,クトゥルフ,でうすえくすまきなはしんだ
アポ・メーカネース・テオスの追憶,クトゥルフ,あぽめーかねーすておすのついおく
エンジェル・デビル・インプロパー,クトゥルフ,えんじぇるでびるいんぷろぱー
シネラリウムと灰,クトゥルフ,しねらりうむとはい
夜往々ノ騒話,クトゥルフ,よるおうおうのさざめくはなし
お嬢様！迷推理のお時間です！事件file.01「爆弾魔ですよ！お嬢様！」,クトゥルフ,おじょうさまめいすいりのおじかんですじけんぼふぁいるいち
ゆらめく魔法市,クトゥルフ,ゆらめくまほういち
VOID,クトゥルフ,ぼいど
DOGMA,クトゥルフ,どぐま
ungoodrug.,クトゥルフ,あんぐっどらっぐ
セメタリーでダンスを！,クトゥルフ,せめたりーでだんすを
壊胎,クトゥルフ,かいたい
Oh！My Buddy！,クトゥルフ,おうまいばでぃ
スーサイデッドメアリンク,クトゥルフ,すーさいでっどめありんく
焼肉飲み放題2時間3000円,クトゥルフ,やきにくのみほうだいにじかんさんぜんえん
3回ファンブルしたら死ぬ部屋,クトゥルフ,さんかいふぁんぶるしたらしぬへや
3回ファンブルしたら死ぬ城,クトゥルフ,さんかいふぁんぶるしたらしぬしろ
3回ファンブルしたら死ぬ温泉旅館,クトゥルフ,さんかいふぁんぶるしたらしぬおんせんりょかん
3回ファンブルしたら死ぬ廃校舎探索奇行,クトゥルフ,さんかいふぁんぶるしたらしぬはいこうしゃたんさくきこう
東京ゴーストマティカ,クトゥルフ,とうきょうごーすとまてぃか
てけりり・かーにばる！,クトゥルフ,てけりりかーにばる
闇をゆく者達の宴,クトゥルフ,やみをゆくものたちのうたげ
星の瞬き,クトゥルフ,ほしのまたたき
ガレットデロワ,クトゥルフ,がれっとでろわ
砂糖菓子七つ,クトゥルフ,さとうがしななつ
CALLING,クトゥルフ,こーりんぐ
挽花,クトゥルフ,ばんか
遺睡蓮路,クトゥルフ,いすいれんろ